Label,Pixel in mm
Patient00188_Plane3_2_of_3.png,0.195924765
Patient00216_Plane3_2_of_5.png,0.122850123
Patient00305_Plane3_1_of_5.png,0.141522785
Patient00630_Plane3_1_of_1.png,0.225529995
Patient00644_Plane3_1_of_3.png,0.098814229
Patient00652_Plane3_1_of_1.png,0.185185185
Patient00661_Plane3_1_of_1.png,0.165727544
Patient00688_Plane3_1_of_1.png,0.189393939
Patient00692_Plane3_3_of_5.png,0.164853281
Patient00699_Plane3_3_of_4.png,0.151515152
Patient00700_Plane3_2_of_2.png,0.151515152
Patient00702_Plane3_1_of_1.png,0.192307692
Patient00704_Plane3_4_of_5.png,0.162337662
Patient00709_Plane3_2_of_3.png,0.147928994
Patient00710_Plane3_4_of_6.png,0.145985401
Patient00714_Plane3_2_of_8.png,0.118063754
Patient00714_Plane3_7_of_8.png,0.105708245
Patient00715_Plane3_1_of_2.png,0.178253119
Patient00716_Plane3_3_of_6.png,0.168350168
Patient00717_Plane3_1_of_3.png,0.151515152
Patient00722_Plane3_4_of_5.png,0.162337662
Patient00723_Plane3_3_of_4.png,0.189393939
Patient00725_Plane3_2_of_4.png,0.090009001
Patient00728_Plane3_2_of_2.png,0.159489633
Patient00729_Plane3_1_of_3.png,0.146627566
Patient00731_Plane3_1_of_4.png,0.174825175
Patient00736_Plane3_3_of_5.png,0.110864745
Patient00736_Plane3_5_of_5.png,0.109529025
Patient00737_Plane3_1_of_2.png,0.106951872
Patient00737_Plane3_2_of_2.png,0.106951872
Patient00738_Plane3_1_of_4.png,0.153846154
Patient00738_Plane3_2_of_4.png,0.153846154
Patient00742_Plane3_2_of_4.png,0.153846154
Patient00746_Plane3_4_of_6.png,0.106951872
Patient00749_Plane3_2_of_4.png,0.116550117
Patient00751_Plane3_1_of_2.png,0.133395585
Patient00756_Plane3_3_of_3.png,0.102145046
Patient00758_Plane3_3_of_3.png,0.102145046
Patient00759_Plane3_3_of_4.png,0.108225108
Patient00761_Plane3_3_of_3.png,0.090009001
Patient00764_Plane3_2_of_6.png,0.093720712
Patient00764_Plane3_5_of_6.png,0.093720712
Patient00765_Plane3_1_of_6.png,0.13986014
Patient00766_Plane3_2_of_3.png,0.096711799
Patient00769_Plane3_3_of_3.png,0.078369906
Patient00777_Plane3_2_of_3.png,0.156739812
Patient00778_Plane3_2_of_5.png,0.108225108
Patient00782_Plane3_1_of_4.png,0.105708245
Patient00783_Plane3_5_of_5.png,0.104493208
Patient00786_Plane3_2_of_3.png,0.115074799
Patient00789_Plane3_3_of_3.png,0.080379391
Patient00790_Plane3_3_of_5.png,0.108225108
Patient00792_Plane3_1_of_1.png,0.087336245
Patient00799_Plane3_1_of_3.png,0.115074799
Patient00801_Plane3_1_of_3.png,0.154083205
Patient00803_Plane3_3_of_5.png,0.119617225
Patient00803_Plane3_4_of_5.png,0.119617225
Patient00804_Plane3_1_of_5.png,0.106951872
Patient00804_Plane3_5_of_5.png,0.106951872
Patient00806_Plane3_1_of_4.png,0.119617225
Patient00807_Plane3_1_of_5.png,0.13568521
Patient00809_Plane3_3_of_3.png,0.071245369
Patient00810_Plane3_2_of_2.png,0.080379391
Patient00811_Plane3_2_of_5.png,0.071245369
Patient00812_Plane3_2_of_3.png,0.12966805
Patient00816_Plane3_5_of_6.png,0.161812298
Patient00818_Plane3_2_of_2.png,0.109529025
Patient00819_Plane3_2_of_4.png,0.11299435
Patient00819_Plane3_4_of_4.png,0.106157113
Patient00820_Plane3_2_of_3.png,0.174825175
Patient00821_Plane3_3_of_3.png,0.154083205
Patient00822_Plane3_4_of_6.png,0.096711799
Patient00822_Plane3_5_of_6.png,0.096711799
Patient00823_Plane3_2_of_4.png,0.090009001
Patient00823_Plane3_3_of_4.png,0.090909091
Patient00826_Plane3_1_of_5.png,0.106951872
Patient00826_Plane3_3_of_5.png,0.121654501
Patient00828_Plane3_1_of_1.png,0.103305785
Patient00829_Plane3_1_of_5.png,0.103305785
Patient00829_Plane3_5_of_5.png,0.103305785
Patient00831_Plane3_1_of_1.png,0.071245369
Patient00832_Plane3_2_of_3.png,0.085866392
Patient00834_Plane3_2_of_3.png,0.094993825
Patient00835_Plane3_2_of_3.png,0.09569378
Patient00837_Plane3_5_of_7.png,0.151515152
Patient00837_Plane3_7_of_7.png,0.137741047
Patient00839_Plane3_2_of_4.png,0.160462131
Patient00840_Plane3_1_of_3.png,0.207813799
Patient00843_Plane3_1_of_6.png,0.121654501
Patient00847_Plane3_1_of_4.png,0.178253119
Patient00847_Plane3_4_of_4.png,0.108225108
Patient00848_Plane3_1_of_4.png,0.101832994
Patient00848_Plane3_4_of_4.png,0.102145046
Patient00851_Plane3_1_of_3.png,0.15291689
Patient00851_Plane3_2_of_3.png,0.15291689
Patient00852_Plane3_2_of_3.png,0.105887336
Patient00854_Plane3_2_of_3.png,0.128205128
Patient00855_Plane3_1_of_3.png,0.103626943
Patient00855_Plane3_2_of_3.png,0.080379391
Patient00858_Plane3_3_of_3.png,0.189393939
Patient00859_Plane3_1_of_1.png,0.121212121
Patient00861_Plane3_2_of_4.png,0.103305785
Patient00861_Plane3_4_of_4.png,0.105954651
Patient00863_Plane3_2_of_3.png,0.093720712
Patient00866_Plane3_1_of_2.png,0.106951872
Patient00866_Plane3_2_of_2.png,0.108225108
Patient00867_Plane3_1_of_3.png,0.120569086
Patient00870_Plane3_2_of_5.png,0.160758781
Patient00873_Plane3_3_of_3.png,0.121359223
Patient00875_Plane3_2_of_3.png,0.097962382
Patient00876_Plane3_1_of_2.png,0.093720712
Patient00880_Plane3_2_of_2.png,0.106951872
Patient00881_Plane3_2_of_2.png,0.121212121
Patient00883_Plane3_1_of_2.png,0.142045455
Patient00890_Plane3_2_of_4.png,0.097962382
Patient00895_Plane3_3_of_3.png,0.151515152
Patient00899_Plane3_1_of_4.png,0.193423598
Patient00901_Plane3_2_of_5.png,0.09569378
Patient00901_Plane3_4_of_5.png,0.09569378
Patient00905_Plane3_1_of_1.png,0.146627566
Patient00911_Plane3_2_of_3.png,0.184399779
Patient00912_Plane3_2_of_5.png,0.12987013
Patient00912_Plane3_4_of_5.png,0.144300144
Patient00917_Plane3_3_of_5.png,0.12130034
Patient00918_Plane3_2_of_2.png,0.122850123
Patient00919_Plane3_1_of_2.png,0.103305785
Patient00921_Plane3_1_of_3.png,0.101010101
Patient00926_Plane3_2_of_4.png,0.191570881
Patient00928_Plane3_7_of_9.png,0.156739812
Patient00928_Plane3_9_of_9.png,0.162337662
Patient00929_Plane3_4_of_8.png,0.162337662
Patient00929_Plane3_6_of_8.png,0.151515152
Patient00930_Plane3_4_of_6.png,0.146713615
Patient00932_Plane3_1_of_1.png,0.115074799
Patient00933_Plane3_1_of_4.png,0.110864745
Patient00933_Plane3_3_of_4.png,0.110864745
Patient00941_Plane3_1_of_1.png,0.113636364
Patient00945_Plane3_4_of_4.png,0.0999001
Patient00946_Plane3_1_of_2.png,0.151515152
Patient00950_Plane3_4_of_5.png,0.115074799
Patient00952_Plane3_1_of_2.png,0.12195122
Patient00953_Plane3_3_of_3.png,0.141843972
Patient00956_Plane3_2_of_3.png,0.084146752
Patient00956_Plane3_3_of_3.png,0.084146752
Patient00961_Plane3_2_of_4.png,0.151515152
Patient00962_Plane3_3_of_5.png,0.177493788
Patient00964_Plane3_1_of_4.png,0.116550117
Patient00970_Plane3_3_of_4.png,0.116550117
Patient00971_Plane3_1_of_2.png,0.121212121
Patient00978_Plane3_2_of_3.png,0.098814229
Patient00978_Plane3_3_of_3.png,0.098814229
Patient00981_Plane3_2_of_3.png,0.097751711
Patient00994_Plane3_3_of_4.png,0.08912656
Patient00995_Plane3_2_of_3.png,0.103820598
Patient00999_Plane3_4_of_4.png,0.165289256
Patient01001_Plane3_4_of_4.png,0.103305785
Patient01004_Plane3_1_of_3.png,0.108225108
Patient01007_Plane3_1_of_7.png,0.156739812
Patient01011_Plane3_2_of_2.png,0.080379391
Patient01013_Plane3_1_of_4.png,0.199203187
Patient01016_Plane3_1_of_4.png,0.197628458
Patient01016_Plane3_3_of_4.png,0.171821306
Patient01017_Plane3_5_of_5.png,0.181818182
Patient01019_Plane3_4_of_4.png,0.093720712
Patient01020_Plane3_10_of_10.png,0.110864745
Patient01021_Plane3_1_of_2.png,0.178253119
Patient01022_Plane3_2_of_5.png,0.110619469
Patient01023_Plane3_3_of_4.png,0.083402836
Patient01023_Plane3_4_of_4.png,0.084175084
Patient01025_Plane3_2_of_3.png,0.091827365
Patient01026_Plane3_2_of_6.png,0.109529025
Patient01031_Plane3_1_of_3.png,0.189987651
Patient01042_Plane3_1_of_3.png,0.144300144
Patient01042_Plane3_3_of_3.png,0.144300144
Patient01043_Plane3_2_of_4.png,0.098814229
Patient01043_Plane3_4_of_4.png,0.103305785
Patient01044_Plane3_2_of_5.png,0.106951872
Patient01045_Plane3_1_of_5.png,0.105708245
Patient01045_Plane3_2_of_5.png,0.106951872
Patient01045_Plane3_3_of_5.png,0.105708245
Patient01046_Plane3_2_of_3.png,0.110864745
Patient01047_Plane3_3_of_3.png,0.108695652
Patient01049_Plane3_1_of_2.png,0.069662139
Patient01050_Plane3_1_of_2.png,0.108225108
Patient01051_Plane3_1_of_4.png,0.168350168
Patient01053_Plane3_1_of_2.png,0.154083205
Patient01059_Plane3_3_of_5.png,0.110668437
Patient01060_Plane3_1_of_4.png,0.113636364
Patient01060_Plane3_3_of_4.png,0.113636364
Patient01063_Plane3_3_of_4.png,0.118063754
Patient01064_Plane3_1_of_2.png,0.111111111
Patient01067_Plane3_1_of_2.png,0.149031297
Patient01068_Plane3_1_of_5.png,0.098814229
Patient01068_Plane3_5_of_5.png,0.090009001
Patient01069_Plane3_3_of_3.png,0.12987013
Patient01070_Plane3_1_of_6.png,0.109529025
Patient01070_Plane3_6_of_6.png,0.101010101
Patient01071_Plane3_4_of_4.png,0.102145046
Patient01076_Plane3_1_of_2.png,0.154083205
Patient01079_Plane3_2_of_3.png,0.087260035
Patient01080_Plane3_3_of_3.png,0.089285714
Patient01084_Plane3_2_of_2.png,0.110864745
Patient01094_Plane3_2_of_2.png,0.122933186
Patient01098_Plane3_1_of_7.png,0.176678445
Patient01098_Plane3_2_of_7.png,0.147492625
Patient01098_Plane3_6_of_7.png,0.147492625
Patient01098_Plane3_7_of_7.png,0.15037594
Patient01101_Plane3_2_of_3.png,0.098814229
Patient01105_Plane3_3_of_5.png,0.101010101
Patient01107_Plane3_3_of_3.png,0.090909091
Patient01110_Plane3_3_of_4.png,0.098814229
Patient01110_Plane3_4_of_4.png,0.098814229
Patient01111_Plane3_1_of_3.png,0.099601594
Patient01111_Plane3_3_of_3.png,0.099601594
Patient01115_Plane3_2_of_4.png,0.108096422
Patient01116_Plane3_3_of_3.png,0.09380863
Patient01117_Plane3_2_of_6.png,0.090009001
Patient01117_Plane3_6_of_6.png,0.088261253
Patient01118_Plane3_2_of_6.png,0.09469697
Patient01118_Plane3_4_of_6.png,0.090909091
Patient01118_Plane3_5_of_6.png,0.090909091
Patient01120_Plane3_3_of_3.png,0.098814229
Patient01121_Plane3_1_of_2.png,0.165289256
Patient01121_Plane3_2_of_2.png,0.165289256
Patient01123_Plane3_4_of_4.png,0.149031297
Patient01126_Plane3_2_of_5.png,0.124533001
Patient01126_Plane3_4_of_5.png,0.116550117
Patient01127_Plane3_3_of_3.png,0.098814229
Patient01130_Plane3_1_of_2.png,0.160758781
Patient01132_Plane3_2_of_3.png,0.113636364
Patient01134_Plane3_3_of_3.png,0.178253119
Patient01135_Plane3_2_of_3.png,0.227272727
Patient01137_Plane3_7_of_8.png,0.090909091
Patient01139_Plane3_2_of_6.png,0.103305785
Patient01139_Plane3_4_of_6.png,0.105708245
Patient01144_Plane3_2_of_2.png,0.093720712
Patient01150_Plane3_1_of_3.png,0.145804476
Patient01150_Plane3_2_of_3.png,0.142490738
Patient01151_Plane3_13_of_13.png,0.156739812
Patient01151_Plane3_7_of_13.png,0.156739812
Patient01152_Plane3_1_of_3.png,0.121212121
Patient01152_Plane3_2_of_3.png,0.121212121
Patient01156_Plane3_1_of_5.png,0.115074799
Patient01156_Plane3_5_of_5.png,0.106951872
Patient01160_Plane3_3_of_4.png,0.093720712
Patient01161_Plane3_2_of_4.png,0.091827365
Patient01162_Plane3_2_of_3.png,0.105708245
Patient01165_Plane3_2_of_2.png,0.094993825
Patient01166_Plane3_3_of_4.png,0.108096422
Patient01168_Plane3_1_of_2.png,0.145804476
Patient01168_Plane3_2_of_2.png,0.142490738
Patient01169_Plane3_2_of_3.png,0.09569378
Patient01169_Plane3_3_of_3.png,0.122850123
Patient01170_Plane3_2_of_3.png,0.118063754
Patient01175_Plane3_2_of_4.png,0.193423598
Patient01176_Plane3_1_of_4.png,0.124533001
Patient01176_Plane3_3_of_4.png,0.110864745
Patient01177_Plane3_5_of_5.png,0.093720712
Patient01178_Plane3_2_of_4.png,0.115074799
Patient01178_Plane3_4_of_4.png,0.121212121
Patient01179_Plane3_2_of_3.png,0.108225108
Patient01179_Plane3_3_of_3.png,0.104493208
Patient01182_Plane3_3_of_5.png,0.115074799
Patient01183_Plane3_1_of_4.png,0.110864745
Patient01183_Plane3_2_of_4.png,0.112233446
Patient01184_Plane3_1_of_1.png,0.13368984
Patient01185_Plane3_2_of_3.png,0.101122459
Patient01188_Plane3_1_of_2.png,0.179131214
Patient01189_Plane3_3_of_3.png,0.102145046
Patient01190_Plane3_3_of_3.png,0.110864745
Patient01191_Plane3_2_of_4.png,0.109529025
Patient01194_Plane3_1_of_1.png,0.149031297
Patient01195_Plane3_3_of_3.png,0.101010101
Patient01201_Plane3_1_of_1.png,0.195924765
Patient01202_Plane3_2_of_7.png,0.104493208
Patient01202_Plane3_6_of_7.png,0.110864745
Patient01204_Plane3_3_of_3.png,0.105708245
Patient01209_Plane3_4_of_7.png,0.103305785
Patient01209_Plane3_6_of_7.png,0.137741047
Patient01211_Plane3_3_of_6.png,0.09469697
Patient01211_Plane3_4_of_6.png,0.09469697
Patient01212_Plane3_2_of_4.png,0.108225108
Patient01212_Plane3_4_of_4.png,0.106951872
Patient01213_Plane3_7_of_8.png,0.106951872
Patient01215_Plane3_4_of_4.png,0.108096422
Patient01216_Plane3_1_of_3.png,0.156739812
Patient01216_Plane3_2_of_3.png,0.145804476
Patient01222_Plane3_3_of_8.png,0.084961767
Patient01222_Plane3_4_of_8.png,0.0999001
Patient01223_Plane3_3_of_4.png,0.097751711
Patient01224_Plane3_1_of_4.png,0.115074799
Patient01225_Plane3_2_of_4.png,0.099601594
Patient01225_Plane3_4_of_4.png,0.098814229
Patient01229_Plane3_4_of_4.png,0.105708245
Patient01230_Plane3_3_of_5.png,0.109529025
Patient01232_Plane3_3_of_4.png,0.101010101
Patient01234_Plane3_1_of_6.png,0.115074799
Patient01234_Plane3_4_of_6.png,0.105708245
Patient01234_Plane3_5_of_6.png,0.105708245
Patient01250_Plane3_1_of_2.png,0.113636364
Patient01250_Plane3_2_of_2.png,0.118063754
Patient01251_Plane3_1_of_2.png,0.211864407
Patient01252_Plane3_1_of_2.png,0.10665529
Patient01252_Plane3_2_of_2.png,0.107921433
Patient01254_Plane3_4_of_5.png,0.097751711
Patient01256_Plane3_2_of_4.png,0.101010101
Patient01256_Plane3_3_of_4.png,0.101010101
Patient01261_Plane3_1_of_3.png,0.227272727
Patient01262_Plane3_1_of_4.png,0.12987013
Patient01262_Plane3_2_of_4.png,0.12987013
Patient01262_Plane3_4_of_4.png,0.12987013
Patient01267_Plane3_4_of_4.png,0.12987013
Patient01271_Plane3_10_of_15.png,0.116550117
Patient01271_Plane3_15_of_15.png,0.122850123
Patient01271_Plane3_1_of_15.png,0.116550117
Patient01271_Plane3_5_of_15.png,0.122850123
Patient01272_Plane3_2_of_3.png,0.097962382
Patient01273_Plane3_2_of_2.png,0.172413793
Patient01274_Plane3_3_of_4.png,0.165289256
Patient01275_Plane3_1_of_7.png,0.137931034
Patient01275_Plane3_7_of_7.png,0.235960359
Patient01278_Plane3_1_of_1.png,0.103305785
Patient01280_Plane3_2_of_5.png,0.105708245
Patient01280_Plane3_5_of_5.png,0.121212121
Patient01286_Plane3_4_of_5.png,0.113636364
Patient01286_Plane3_5_of_5.png,0.119617225
Patient01288_Plane3_2_of_4.png,0.174155347
Patient01289_Plane3_2_of_2.png,0.102753802
Patient01291_Plane3_1_of_2.png,0.115074799
Patient01293_Plane3_2_of_6.png,0.098814229
Patient01294_Plane3_1_of_1.png,0.116550117
Patient01296_Plane3_3_of_5.png,0.109529025
Patient01296_Plane3_4_of_5.png,0.109529025
Patient01300_Plane3_1_of_6.png,0.118063754
Patient01300_Plane3_6_of_6.png,0.104493208
Patient01301_Plane3_3_of_7.png,0.098814229
Patient01301_Plane3_4_of_7.png,0.121212121
Patient01303_Plane3_2_of_3.png,0.159489633
Patient01304_Plane3_1_of_6.png,0.105708245
Patient01304_Plane3_2_of_6.png,0.105708245
Patient01306_Plane3_3_of_4.png,0.177809388
Patient01306_Plane3_4_of_4.png,0.177304965
Patient01307_Plane3_2_of_2.png,0.123152709
Patient01308_Plane3_3_of_3.png,0.120481928
Patient01309_Plane3_1_of_3.png,0.181686047
Patient01310_Plane3_2_of_5.png,0.09763718
Patient01312_Plane3_1_of_3.png,0.090009001
Patient01312_Plane3_2_of_3.png,0.090009001
Patient01318_Plane3_1_of_3.png,0.116550117
Patient01323_Plane3_6_of_8.png,0.098814229
Patient01323_Plane3_7_of_8.png,0.098814229
Patient01328_Plane3_1_of_4.png,0.12539185
Patient01331_Plane3_1_of_3.png,0.216192844
Patient01332_Plane3_1_of_4.png,0.085106383
Patient01340_Plane3_3_of_3.png,0.12987013
Patient01343_Plane3_1_of_2.png,0.154083205
Patient01344_Plane3_3_of_4.png,0.115074799
Patient01345_Plane3_4_of_5.png,0.108225108
Patient01351_Plane3_3_of_3.png,0.105708245
Patient01354_Plane3_5_of_5.png,0.151515152
Patient01363_Plane3_2_of_7.png,0.092764378
Patient01363_Plane3_7_of_7.png,0.092764378
Patient01370_Plane3_1_of_1.png,0.093720712
Patient01372_Plane3_2_of_8.png,0.113071009
Patient01372_Plane3_4_of_8.png,0.137741047
Patient01372_Plane3_7_of_8.png,0.137741047
Patient01374_Plane3_1_of_2.png,0.108225108
Patient01379_Plane3_2_of_2.png,0.090909091
Patient01384_Plane3_2_of_3.png,0.103305785
Patient01384_Plane3_3_of_3.png,0.103305785
Patient01389_Plane3_1_of_2.png,0.116550117
Patient01394_Plane3_3_of_3.png,0.137741047
Patient01399_Plane3_2_of_2.png,0.20661157
Patient01400_Plane3_2_of_3.png,0.119617225
Patient01408_Plane3_2_of_9.png,0.134048257
Patient01408_Plane3_7_of_9.png,0.151057402
Patient01409_Plane3_1_of_4.png,0.141843972
Patient01409_Plane3_2_of_4.png,0.141843972
Patient01410_Plane3_1_of_1.png,0.256410256
Patient01413_Plane3_4_of_4.png,0.106951872
Patient01421_Plane3_1_of_2.png,0.115074799
Patient01422_Plane3_2_of_2.png,0.099344327
Patient01424_Plane3_2_of_3.png,0.087077673
Patient01426_Plane3_1_of_4.png,0.157977883
Patient01426_Plane3_2_of_4.png,0.129366106
Patient01426_Plane3_3_of_4.png,0.151515152
Patient01427_Plane3_3_of_4.png,0.110864745
Patient01429_Plane3_1_of_2.png,0.12987013
Patient01434_Plane3_2_of_6.png,0.105708245
Patient01434_Plane3_3_of_6.png,0.110864745
Patient01438_Plane3_3_of_3.png,0.113122172
Patient01440_Plane3_1_of_3.png,0.113147771
Patient01444_Plane3_5_of_7.png,0.148809524
Patient01448_Plane3_2_of_3.png,0.084602369
Patient01453_Plane3_1_of_4.png,0.119617225
Patient01453_Plane3_2_of_4.png,0.12987013
Patient01453_Plane3_4_of_4.png,0.098814229
Patient01454_Plane3_2_of_2.png,0.177809388
Patient01457_Plane3_1_of_3.png,0.116550117
Patient01457_Plane3_2_of_3.png,0.115074799
Patient01461_Plane3_3_of_3.png,0.154083205
Patient01462_Plane3_1_of_4.png,0.098814229
Patient01462_Plane3_3_of_4.png,0.098814229
Patient01462_Plane3_4_of_4.png,0.098814229
Patient01468_Plane3_1_of_4.png,0.103305785
Patient01468_Plane3_3_of_4.png,0.0999001
Patient01472_Plane3_4_of_4.png,0.081672656
Patient01473_Plane3_1_of_4.png,0.097560976
Patient01473_Plane3_2_of_4.png,0.097087379
Patient01477_Plane3_1_of_5.png,0.098814229
Patient01477_Plane3_2_of_5.png,0.098814229
Patient01477_Plane3_5_of_5.png,0.098814229
Patient01478_Plane3_3_of_12.png,0.12987013
Patient01478_Plane3_6_of_12.png,0.12987013
Patient01478_Plane3_9_of_12.png,0.12987013
Patient01480_Plane3_2_of_6.png,0.197628458
Patient01484_Plane3_2_of_2.png,0.094993825
Patient01486_Plane3_2_of_3.png,0.12300123
Patient01487_Plane3_1_of_2.png,0.127388535
Patient01488_Plane3_2_of_3.png,0.252525253
Patient01489_Plane3_2_of_2.png,0.182149362
Patient01491_Plane3_1_of_5.png,0.106951872
Patient01491_Plane3_5_of_5.png,0.110864745
Patient01494_Plane3_2_of_4.png,0.15576324
Patient01495_Plane3_1_of_1.png,0.103305785
Patient01496_Plane3_2_of_2.png,0.183486239
Patient01499_Plane3_2_of_4.png,0.137741047
Patient01501_Plane3_5_of_5.png,0.23923445
Patient01504_Plane3_1_of_1.png,0.168350168
Patient01505_Plane3_3_of_3.png,0.118567702
Patient01506_Plane3_1_of_2.png,0.116550117
Patient01507_Plane3_2_of_2.png,0.24764735
Patient01508_Plane3_2_of_2.png,0.226039783
Patient01509_Plane3_2_of_2.png,0.103906899
Patient01510_Plane3_2_of_4.png,0.121624909
Patient01510_Plane3_4_of_4.png,0.12130034
Patient01516_Plane3_1_of_3.png,0.108225108
Patient01517_Plane3_2_of_2.png,0.130548303
Patient01522_Plane3_1_of_1.png,0.08912656
Patient01523_Plane3_2_of_4.png,0.09469697
Patient01523_Plane3_4_of_4.png,0.09469697
Patient01524_Plane3_1_of_4.png,0.096711799
Patient01524_Plane3_3_of_4.png,0.09569378
Patient01524_Plane3_4_of_4.png,0.096711799
Patient01525_Plane3_1_of_3.png,0.116550117
Patient01531_Plane3_6_of_7.png,0.137741047
Patient01534_Plane3_1_of_2.png,0.11627907
Patient01534_Plane3_2_of_2.png,0.118119537
Patient01535_Plane3_3_of_3.png,0.113071009
Patient01537_Plane3_6_of_9.png,0.115848007
Patient01539_Plane3_3_of_5.png,0.12755102
Patient01546_Plane3_1_of_3.png,0.12345679
Patient01547_Plane3_2_of_2.png,0.124610592
Patient01551_Plane3_2_of_4.png,0.24764735
Patient01552_Plane3_1_of_2.png,0.174825175
Patient01553_Plane3_3_of_7.png,0.093720712
Patient01553_Plane3_4_of_7.png,0.093720712
Patient01553_Plane3_5_of_7.png,0.093720712
Patient01553_Plane3_6_of_7.png,0.093720712
Patient01553_Plane3_7_of_7.png,0.093720712
Patient01555_Plane3_1_of_2.png,0.091827365
Patient01557_Plane3_4_of_4.png,0.098814229
Patient01558_Plane3_1_of_5.png,0.154083205
Patient01559_Plane3_2_of_2.png,0.103305785
Patient01562_Plane3_1_of_1.png,0.146627566
Patient01566_Plane3_1_of_3.png,0.105820106
Patient01567_Plane3_2_of_5.png,0.227272727
Patient01570_Plane3_2_of_3.png,0.108096422
Patient01580_Plane3_1_of_3.png,0.115074799
Patient01580_Plane3_2_of_3.png,0.115074799
Patient01583_Plane3_1_of_2.png,0.162337662
Patient01592_Plane3_2_of_2.png,0.119617225
Patient01593_Plane3_1_of_1.png,0.098814229
Patient01594_Plane3_1_of_1.png,0.0999001
Patient01596_Plane3_4_of_5.png,0.110864745
Patient01602_Plane3_3_of_6.png,0.116550117
Patient01604_Plane3_4_of_4.png,0.20661157
Patient01606_Plane3_2_of_5.png,0.108837614
Patient01606_Plane3_3_of_5.png,0.111957009
Patient01607_Plane3_1_of_2.png,0.090909091
Patient01608_Plane3_3_of_3.png,0.111111111
Patient01610_Plane3_2_of_9.png,0.110497238
Patient01610_Plane3_7_of_9.png,0.116550117
Patient01611_Plane3_1_of_3.png,0.081168831
Patient01615_Plane3_1_of_1.png,0.101122459
Patient01616_Plane3_2_of_3.png,0.110864745
Patient01618_Plane3_2_of_4.png,0.103305785
Patient01618_Plane3_3_of_4.png,0.103305785
Patient01618_Plane3_4_of_4.png,0.103305785
Patient01620_Plane3_1_of_3.png,0.115074799
Patient01621_Plane3_3_of_3.png,0.119617225
Patient01627_Plane3_1_of_1.png,0.13368984
Patient01628_Plane3_1_of_4.png,0.116550117
Patient01628_Plane3_2_of_4.png,0.116550117
Patient01631_Plane3_1_of_2.png,0.087077673
Patient01632_Plane3_1_of_2.png,0.145804476
Patient01635_Plane3_3_of_4.png,0.103305785
Patient01636_Plane3_1_of_2.png,0.105708245
Patient01643_Plane3_1_of_1.png,0.185528757
Patient01646_Plane3_1_of_3.png,0.185528757
Patient01647_Plane3_1_of_9.png,0.181818182
Patient01647_Plane3_6_of_9.png,0.090909091
Patient01648_Plane3_5_of_6.png,0.12987013
Patient01652_Plane3_1_of_2.png,0.189393939
Patient01653_Plane3_3_of_11.png,0.103305785
Patient01653_Plane3_7_of_11.png,0.103305785
Patient01659_Plane3_1_of_3.png,0.126582278
Patient01659_Plane3_2_of_3.png,0.160758781
Patient01662_Plane3_3_of_3.png,0.115074799
Patient01663_Plane3_2_of_5.png,0.097751711
Patient01663_Plane3_3_of_5.png,0.097751711
Patient01663_Plane3_4_of_5.png,0.097751711
Patient01666_Plane3_1_of_1.png,0.116550117
Patient01667_Plane3_1_of_3.png,0.178253119
Patient01667_Plane3_3_of_3.png,0.178253119
Patient01669_Plane3_1_of_3.png,0.110864745
Patient01673_Plane3_1_of_1.png,0.122100122
Patient01677_Plane3_2_of_3.png,0.203252033
Patient01677_Plane3_3_of_3.png,0.198649186
Patient01679_Plane3_1_of_9.png,0.116550117
Patient01679_Plane3_2_of_9.png,0.116550117
Patient01679_Plane3_3_of_9.png,0.116550117
Patient01679_Plane3_5_of_9.png,0.122850123
Patient01679_Plane3_9_of_9.png,0.122850123
Patient01680_Plane3_1_of_8.png,0.13368984
Patient01680_Plane3_6_of_8.png,0.13368984
Patient01681_Plane3_1_of_5.png,0.13368984
Patient01681_Plane3_2_of_5.png,0.162337662
Patient01681_Plane3_3_of_5.png,0.13368984
Patient01681_Plane3_5_of_5.png,0.162337662
Patient01687_Plane3_1_of_1.png,0.105708245
Patient01689_Plane3_3_of_3.png,0.198649186
Patient01690_Plane3_1_of_2.png,0.096899225
Patient01692_Plane3_4_of_4.png,0.121654501
Patient01696_Plane3_1_of_3.png,0.097962382
Patient01696_Plane3_3_of_3.png,0.13986014
Patient01698_Plane3_2_of_4.png,0.11299435
Patient01698_Plane3_3_of_4.png,0.110864745
Patient01702_Plane3_8_of_8.png,0.119617225
Patient01703_Plane3_1_of_3.png,0.106951872
Patient01705_Plane3_1_of_3.png,0.115074799
Patient01705_Plane3_3_of_3.png,0.103305785
Patient01706_Plane3_1_of_4.png,0.121212121
Patient01706_Plane3_2_of_4.png,0.121212121
Patient01706_Plane3_4_of_4.png,0.09469697
Patient01707_Plane3_2_of_2.png,0.104493208
Patient01709_Plane3_1_of_1.png,0.131752306
Patient01710_Plane3_1_of_5.png,0.110864745
Patient01710_Plane3_4_of_5.png,0.110180696
Patient01712_Plane3_1_of_5.png,0.111931945
Patient01712_Plane3_2_of_5.png,0.113327289
Patient01713_Plane3_3_of_3.png,0.163398693
Patient01716_Plane3_2_of_3.png,0.104493208
Patient01716_Plane3_3_of_3.png,0.102354145
Patient01717_Plane3_3_of_3.png,0.087719298
Patient01718_Plane3_3_of_4.png,0.118483412
Patient01718_Plane3_4_of_4.png,0.103626943
Patient01720_Plane3_1_of_1.png,0.106951872
Patient01721_Plane3_6_of_6.png,0.0999001
Patient01724_Plane3_1_of_3.png,0.185528757
Patient01724_Plane3_3_of_3.png,0.185528757
Patient01730_Plane3_2_of_3.png,0.108178278
Patient01730_Plane3_3_of_3.png,0.108225108
Patient01731_Plane3_5_of_6.png,0.097751711
Patient01733_Plane3_1_of_4.png,0.144300144
Patient01733_Plane3_3_of_4.png,0.090909091
Patient01742_Plane3_2_of_2.png,0.089565607
Patient01745_Plane3_1_of_2.png,0.087412587
Patient01752_Plane3_2_of_4.png,0.082494638
Patient01758_Plane3_2_of_2.png,0.09569378
Patient01761_Plane3_2_of_2.png,0.13394053
Patient01763_Plane3_2_of_2.png,0.190839695
Patient01765_Plane3_2_of_3.png,0.208986416
Patient01771_Plane3_2_of_4.png,0.102145046
Patient01772_Plane3_1_of_1.png,0.116550117
Patient01777_Plane3_1_of_4.png,0.110741971
Patient01777_Plane3_3_of_4.png,0.114942529
Patient01777_Plane3_4_of_4.png,0.112359551
Patient01778_Plane3_2_of_2.png,0.130718954
Patient01779_Plane3_2_of_4.png,0.099661152
Patient01782_Plane3_1_of_2.png,0.102145046
Patient01785_Plane3_3_of_3.png,0.099502488
Patient01786_Plane3_2_of_3.png,0.095785441
Patient01789_Plane3_3_of_3.png,0.226654578
